https://www.stat.uci.edu,307,
https://www.cs.uci.edu,544,
https://www.informatics.uci.edu,611,
https://www.informatics.uci.edu/brochure-tiles/what-we-build,752,
https://www.informatics.uci.edu/brochure-tiles/how-we-live,776,
https://mswe.ics.uci.edu/faq,2429,
https://www.ics.uci.edu/faculty,3568,
https://transformativeplay.ics.uci.edu/classes/ics-169-capstone,3878,
http://www.ics.uci.edu/~seal/publications.html,4788,
https://transformativeplay.ics.uci.edu/ics-169-a-b-capstone-game-project-2020-21,6921,
https://redmiles.ics.uci.edu/publication,8041,
http://www.ics.uci.edu/%7Ewscacchi/Papers/Vintage/Software_Productivity.html,15248,
https://cml.ics.uci.edu/category/aiml,17276,
http://www.ics.uci.edu/~cs224,104789,
http://www.ics.uci.edu/~kay/wordlist.txt,385018,
https://www.informatics.uci.edu/explore/faculty-profiles/stacy-branham,687,
https://www.informatics.uci.edu/2020/11,1064,
http://sdcl.ics.uci.edu/research/past-projects,1461,
https://www.cs.uci.edu/cs-research-areas,2033,
https://www.stat.uci.edu,307,
https://www.stat.uci.edu/professors-nan-and-gillen-receive-1-8m-grant-to-study-statistical-methods-for-alzheimers-research,584,
https://www.stat.uci.edu/uci-in-top-10-on-fortunes-list-of-best-masters-in-data-science-programs,678,
https://www.stat.uci.edu/conference-experience-confirms-competitive-edge-of-ics-capstone-program,1500,
https://www.stat.uci.edu/dont-think-you-can-learn-bayesian-statistics-think-again-with-bayes-rules,1932,
https://www.stat.uci.edu,307,
https://www.stat.uci.edu/professors-nan-and-gillen-receive-1-8m-grant-to-study-statistical-methods-for-alzheimers-research,584,
https://www.stat.uci.edu/uci-in-top-10-on-fortunes-list-of-best-masters-in-data-science-programs,678,
https://www.stat.uci.edu/conference-experience-confirms-competitive-edge-of-ics-capstone-program,1500,
https://www.stat.uci.edu/dont-think-you-can-learn-bayesian-statistics-think-again-with-bayes-rules,1932,
https://www.stat.uci.edu/womens-history-month-resources-for-empowering-women-in-tech,2163,
https://www.stat.uci.edu/black-history-month-sharing-resources-to-expand-diversity-in-tech,2406,
https://www.stat.uci.edu/tech-trends-for-2022,2659,
https://www.stat.uci.edu/a-look-at-health-and-technology-trends-for-2021-and-beyond,3961,
https://www.stat.uci.edu,307,
https://www.stat.uci.edu/professors-nan-and-gillen-receive-1-8m-grant-to-study-statistical-methods-for-alzheimers-research,584,
https://www.stat.uci.edu/uci-in-top-10-on-fortunes-list-of-best-masters-in-data-science-programs,678,
https://www.stat.uci.edu/conference-experience-confirms-competitive-edge-of-ics-capstone-program,1500,
https://www.stat.uci.edu/dont-think-you-can-learn-bayesian-statistics-think-again-with-bayes-rules,1932,
https://www.stat.uci.edu,307,
https://www.stat.uci.edu/professors-nan-and-gillen-receive-1-8m-grant-to-study-statistical-methods-for-alzheimers-research,584,
https://www.stat.uci.edu/uci-in-top-10-on-fortunes-list-of-best-masters-in-data-science-programs,678,
https://www.stat.uci.edu/conference-experience-confirms-competitive-edge-of-ics-capstone-program,1500,
https://www.stat.uci.edu/dont-think-you-can-learn-bayesian-statistics-think-again-with-bayes-rules,1932,
https://www.stat.uci.edu/womens-history-month-resources-for-empowering-women-in-tech,2163,
https://www.stat.uci.edu/black-history-month-sharing-resources-to-expand-diversity-in-tech,2406,
https://www.stat.uci.edu/tech-trends-for-2022,2659,
https://www.stat.uci.edu/a-look-at-health-and-technology-trends-for-2021-and-beyond,3961,
http://www.ics.uci.edu/~seal/publications.html,4788,
https://www.stat.uci.edu,307,
https://www.stat.uci.edu/professors-nan-and-gillen-receive-1-8m-grant-to-study-statistical-methods-for-alzheimers-research,584,
https://www.stat.uci.edu/uci-in-top-10-on-fortunes-list-of-best-masters-in-data-science-programs,678,
https://www.stat.uci.edu/conference-experience-confirms-competitive-edge-of-ics-capstone-program,1500,
https://www.stat.uci.edu/dont-think-you-can-learn-bayesian-statistics-think-again-with-bayes-rules,1932,
https://www.stat.uci.edu/womens-history-month-resources-for-empowering-women-in-tech,2163,
https://www.stat.uci.edu/black-history-month-sharing-resources-to-expand-diversity-in-tech,2406,
https://www.stat.uci.edu/tech-trends-for-2022,2659,
https://www.stat.uci.edu/a-look-at-health-and-technology-trends-for-2021-and-beyond,3961,
https://www.stat.uci.edu,307,
https://www.stat.uci.edu/professors-nan-and-gillen-receive-1-8m-grant-to-study-statistical-methods-for-alzheimers-research,584,
https://www.stat.uci.edu/uci-in-top-10-on-fortunes-list-of-best-masters-in-data-science-programs,678,
https://www.stat.uci.edu/conference-experience-confirms-competitive-edge-of-ics-capstone-program,1500,
https://www.stat.uci.edu/dont-think-you-can-learn-bayesian-statistics-think-again-with-bayes-rules,1932,
https://www.stat.uci.edu/womens-history-month-resources-for-empowering-women-in-tech,2163,
https://www.stat.uci.edu/black-history-month-sharing-resources-to-expand-diversity-in-tech,2406,
https://www.stat.uci.edu/tech-trends-for-2022,2659,
https://www.stat.uci.edu/a-look-at-health-and-technology-trends-for-2021-and-beyond,3961,
http://www.ics.uci.edu/~seal/publications.html,4788,
https://transformativeplay.ics.uci.edu/ics-169-a-b-capstone-game-project-2020-21,6921,
https://redmiles.ics.uci.edu/publication,8041,
http://www.ics.uci.edu/%7Ewscacchi/Papers/Vintage/Software_Productivity.html,15248,
http://www.ics.uci.edu/~ihler/papers/abs.html,16797,
https://sli.ics.uci.edu/AIStats/Postings,21534,
http://www.ics.uci.edu/~cs224,104960,
http://www.ics.uci.edu/~kay/wordlist.txt,385018,
https://www.stat.uci.edu,307,
https://www.stat.uci.edu/professors-nan-and-gillen-receive-1-8m-grant-to-study-statistical-methods-for-alzheimers-research,584,
https://www.stat.uci.edu/uci-in-top-10-on-fortunes-list-of-best-masters-in-data-science-programs,678,
https://www.stat.uci.edu/conference-experience-confirms-competitive-edge-of-ics-capstone-program,1500,
https://www.stat.uci.edu,307,
https://www.stat.uci.edu/professors-nan-and-gillen-receive-1-8m-grant-to-study-statistical-methods-for-alzheimers-research,584,
https://www.stat.uci.edu/uci-in-top-10-on-fortunes-list-of-best-masters-in-data-science-programs,678,
https://www.stat.uci.edu/conference-experience-confirms-competitive-edge-of-ics-capstone-program,1500,
https://www.stat.uci.edu/dont-think-you-can-learn-bayesian-statistics-think-again-with-bayes-rules,1932,
https://www.stat.uci.edu,307,
https://www.stat.uci.edu/professors-nan-and-gillen-receive-1-8m-grant-to-study-statistical-methods-for-alzheimers-research,584,
https://www.stat.uci.edu/uci-in-top-10-on-fortunes-list-of-best-masters-in-data-science-programs,678,
https://www.stat.uci.edu/conference-experience-confirms-competitive-edge-of-ics-capstone-program,1500,
https://www.stat.uci.edu/dont-think-you-can-learn-bayesian-statistics-think-again-with-bayes-rules,1932,
https://www.stat.uci.edu/womens-history-month-resources-for-empowering-women-in-tech,2163,
https://www.stat.uci.edu/black-history-month-sharing-resources-to-expand-diversity-in-tech,2406,
https://www.cs.uci.edu,544,
https://www.informatics.uci.edu,611,
https://www.informatics.uci.edu/brochure-tiles/what-we-build,752,
https://www.ics.uci.edu/ugrad,883,
https://www.stat.uci.edu,307,
https://www.stat.uci.edu/professors-nan-and-gillen-receive-1-8m-grant-to-study-statistical-methods-for-alzheimers-research,584,
https://www.stat.uci.edu/uci-in-top-10-on-fortunes-list-of-best-masters-in-data-science-programs,678,
https://www.stat.uci.edu/conference-experience-confirms-competitive-edge-of-ics-capstone-program,1500,
https://www.stat.uci.edu/dont-think-you-can-learn-bayesian-statistics-think-again-with-bayes-rules,1932,
https://www.stat.uci.edu/womens-history-month-resources-for-empowering-women-in-tech,2163,
https://www.stat.uci.edu/black-history-month-sharing-resources-to-expand-diversity-in-tech,2406,
https://www.stat.uci.edu/tech-trends-for-2022,2659,
https://www.stat.uci.edu/a-look-at-health-and-technology-trends-for-2021-and-beyond,3961,
http://www.ics.uci.edu/~seal/publications.html,4788,
https://transformativeplay.ics.uci.edu/ics-169-a-b-capstone-game-project-2020-21,6921,
https://redmiles.ics.uci.edu/publication,8041,
http://www.ics.uci.edu/%7Ewscacchi/Papers/Vintage/Software_Productivity.html,15248,
http://www.ics.uci.edu/~ihler/papers/abs.html,16797,
https://sli.ics.uci.edu/AIStats/Postings,21534,
http://www.ics.uci.edu/~cs224,104960,
http://www.ics.uci.edu/~kay/wordlist.txt,385018,
